Timestamp,Lat,Lng,SunAzi,SunElev,ShadowLen
2026-10-07T10:28:07.961Z,52.2833,5.1667,162.67,30.93,16.69
2026-10-07T10:28:08.433Z,52.2836,5.1669,162.67,30.93,16.69
2026-10-07T10:28:08.603Z,52.2835,5.1670,162.67,30.93,16.69
2026-10-07T10:28:08.843Z,52.2834,5.1670,162.68,30.93,16.69
2026-10-07T10:28:09.002Z,52.2832,5.1670,162.68,30.93,16.69
2026-10-07T10:28:09.173Z,52.2831,5.1671,162.68,30.93,16.69
2026-10-07T10:28:09.361Z,52.2829,5.1675,162.68,30.93,16.69
2026-10-07T10:28:09.547Z,52.2827,5.1677,162.68,30.93,16.69
2026-10-07T10:28:09.735Z,52.2827,5.1677,162.68,30.93,16.69
2026-10-07T10:28:09.927Z,52.2827,5.1677,162.68,30.93,16.69
2026-10-07T10:28:10.166Z,52.2824,5.1676,162.68,30.93,16.69
2026-10-07T10:28:10.774Z,52.2824,5.1676,162.69,30.93,16.69
2026-10-07T10:28:11.008Z,52.2824,5.1677,162.69,30.93,16.69
2026-10-07T10:28:11.160Z,52.2825,5.1677,162.69,30.93,16.69
2026-10-07T10:28:11.445Z,52.2826,5.1676,162.69,30.93,16.69
2026-10-07T10:28:12.032Z,52.2828,5.1675,162.69,30.94,16.69
2026-10-07T10:28:12.869Z,52.2828,5.1675,162.69,30.94,16.69
2026-10-07T10:28:13.869Z,52.2828,5.1675,162.70,30.94,16.68
2026-10-07T10:28:14.329Z,52.2828,5.1674,162.70,30.94,16.68
2026-10-07T10:28:14.407Z,52.2828,5.1674,162.70,30.94,16.68
2026-10-07T10:28:14.475Z,52.2828,5.1674,162.70,30.94,16.68
2026-10-07T10:28:14.544Z,52.2827,5.1674,162.70,30.94,16.68
2026-10-07T10:28:14.603Z,52.2827,5.1674,162.70,30.94,16.68
2026-10-07T10:28:14.877Z,52.2828,5.1674,162.70,30.94,16.68
2026-10-07T10:28:15.022Z,52.2828,5.1674,162.71,30.94,16.68
2026-10-07T10:28:15.089Z,52.2828,5.1674,162.71,30.94,16.68
2026-10-07T10:28:15.165Z,52.2828,5.1675,162.71,30.94,16.68
2026-10-07T10:28:15.265Z,52.2828,5.1675,162.71,30.94,16.68
2026-10-07T10:28:15.886Z,52.2828,5.1675,162.71,30.94,16.68
2026-10-07T10:28:16.869Z,52.2828,5.1675,162.71,30.94,16.68
2026-10-07T10:28:17.493Z,52.2829,5.1675,162.72,30.94,16.68
2026-10-07T10:28:17.593Z,52.2830,5.1675,162.72,30.94,16.68
2026-10-07T10:28:17.658Z,52.2830,5.1675,162.72,30.94,16.68
2026-10-07T10:28:17.707Z,52.2830,5.1675,162.72,30.94,16.68
2026-10-07T10:28:17.760Z,52.2830,5.1675,162.72,30.94,16.68
2026-10-07T10:28:17.869Z,52.2830,5.1675,162.72,30.94,16.68
2026-10-07T10:28:17.893Z,52.2830,5.1675,162.72,30.94,16.68
2026-10-07T10:28:18.427Z,52.2830,5.1675,162.72,30.94,16.68
2026-10-07T10:28:18.494Z,52.2829,5.1675,162.72,30.94,16.68
2026-10-07T10:28:18.535Z,52.2829,5.1675,162.72,30.94,16.68
2026-10-07T10:28:18.659Z,52.2829,5.1675,162.72,30.94,16.68
2026-10-07T10:28:18.869Z,52.2829,5.1675,162.72,30.94,16.68
2026-10-07T10:28:19.869Z,52.2829,5.1675,162.73,30.94,16.68
2026-10-07T10:28:20.869Z,52.2829,5.1675,162.73,30.94,16.68
2026-10-07T10:28:21.869Z,52.2829,5.1675,162.74,30.94,16.68
2026-10-07T10:28:22.869Z,52.2829,5.1675,162.74,30.94,16.68
2026-10-07T10:28:23.869Z,52.2829,5.1675,162.75,30.94,16.68
2026-10-07T10:28:24.869Z,52.2829,5.1675,162.75,30.94,16.68
2026-10-07T10:28:25.870Z,52.2829,5.1675,162.76,30.95,16.68
2026-10-07T10:28:26.869Z,52.2829,5.1675,162.76,30.95,16.68
2026-10-07T10:28:27.869Z,52.2829,5.1675,162.77,30.95,16.68
2026-10-07T10:28:28.869Z,52.2829,5.1675,162.77,30.95,16.68
2026-10-07T10:28:29.869Z,52.2829,5.1675,162.78,30.95,16.68
2026-10-07T10:28:30.869Z,52.2829,5.1675,162.78,30.95,16.68
2026-10-07T10:28:31.869Z,52.2829,5.1675,162.79,30.95,16.68
2026-10-07T10:28:32.869Z,52.2829,5.1675,162.79,30.95,16.68
2026-10-07T10:28:33.869Z,52.2829,5.1675,162.79,30.95,16.67
2026-10-07T10:28:34.869Z,52.2829,5.1675,162.80,30.95,16.67
2026-10-07T10:28:35.869Z,52.2829,5.1675,162.80,30.95,16.67
2026-10-07T10:28:36.869Z,52.2829,5.1675,162.81,30.95,16.67
2026-10-07T10:28:37.869Z,52.2829,5.1675,162.81,30.95,16.67
2026-10-07T10:28:38.869Z,52.2829,5.1675,162.82,30.96,16.67
2026-10-07T10:28:39.869Z,52.2829,5.1675,162.82,30.96,16.67
2026-10-07T10:28:40.807Z,52.2828,5.1675,162.83,30.96,16.67
2026-10-07T10:28:40.941Z,52.2821,5.1673,162.83,30.96,16.67
2026-10-07T10:28:40.991Z,52.2821,5.1673,162.83,30.96,16.67
2026-10-07T10:28:41.059Z,52.2820,5.1673,162.83,30.96,16.67
2026-10-07T10:28:41.099Z,52.2819,5.1673,162.83,30.96,16.67
2026-10-07T10:28:41.158Z,52.2816,5.1674,162.83,30.96,16.67
2026-10-07T10:28:41.192Z,52.2815,5.1674,162.83,30.96,16.67
2026-10-07T10:28:41.244Z,52.2814,5.1674,162.83,30.96,16.67
2026-10-07T10:28:41.274Z,52.2813,5.1674,162.83,30.96,16.67
2026-10-07T10:28:41.415Z,52.2813,5.1674,162.83,30.96,16.67
2026-10-07T10:28:41.628Z,52.2805,5.1674,162.83,30.96,16.67
2026-10-07T10:28:41.707Z,52.2803,5.1674,162.83,30.96,16.67
2026-10-07T10:28:41.756Z,52.2802,5.1674,162.83,30.96,16.67
2026-10-07T10:28:41.793Z,52.2801,5.1674,162.83,30.96,16.67
2026-10-07T10:28:41.869Z,52.2799,5.1674,162.83,30.96,16.67
2026-10-07T10:28:41.911Z,52.2798,5.1674,162.83,30.96,16.67
2026-10-07T10:28:41.957Z,52.2797,5.1674,162.83,30.96,16.67
2026-10-07T10:28:42.007Z,52.2797,5.1674,162.83,30.96,16.67
2026-10-07T10:28:42.056Z,52.2796,5.1674,162.83,30.96,16.67
2026-10-07T10:28:42.113Z,52.2795,5.1674,162.83,30.96,16.67
2026-10-07T10:28:42.212Z,52.2795,5.1674,162.83,30.96,16.67
2026-10-07T10:28:42.573Z,52.2794,5.1674,162.84,30.96,16.67
2026-10-07T10:28:42.641Z,52.2792,5.1673,162.84,30.96,16.67
2026-10-07T10:28:42.763Z,52.2787,5.1673,162.84,30.96,16.67
2026-10-07T10:28:42.819Z,52.2785,5.1673,162.84,30.96,16.67
2026-10-07T10:28:42.857Z,52.2784,5.1674,162.84,30.96,16.67
2026-10-07T10:28:42.907Z,52.2783,5.1674,162.84,30.96,16.67
2026-10-07T10:28:42.962Z,52.2782,5.1676,162.84,30.96,16.67
2026-10-07T10:28:43.019Z,52.2781,5.1681,162.84,30.96,16.67
2026-10-07T10:28:43.061Z,52.2780,5.1684,162.84,30.96,16.67
2026-10-07T10:28:43.100Z,52.2780,5.1685,162.84,30.96,16.67
2026-10-07T10:28:43.135Z,52.2780,5.1685,162.84,30.96,16.67
2026-10-07T10:28:43.183Z,52.2780,5.1687,162.84,30.96,16.67
2026-10-07T10:28:43.269Z,52.2781,5.1694,162.84,30.96,16.67
2026-10-07T10:28:43.325Z,52.2782,5.1697,162.84,30.96,16.67
2026-10-07T10:28:43.386Z,52.2784,5.1699,162.84,30.96,16.67
2026-10-07T10:28:43.439Z,52.2786,5.1699,162.84,30.96,16.67
2026-10-07T10:28:43.463Z,52.2787,5.1699,162.84,30.96,16.67
2026-10-07T10:28:43.514Z,52.2788,5.1697,162.84,30.96,16.67
2026-10-07T10:28:43.550Z,52.2790,5.1695,162.84,30.96,16.67
2026-10-07T10:28:43.594Z,52.2791,5.1691,162.84,30.96,16.67
2026-10-07T10:28:43.645Z,52.2792,5.1687,162.84,30.96,16.67
2026-10-07T10:28:43.678Z,52.2793,5.1684,162.84,30.96,16.67
2026-10-07T10:28:43.767Z,52.2793,5.1681,162.84,30.96,16.67
2026-10-07T10:28:43.800Z,52.2792,5.1680,162.84,30.96,16.67
2026-10-07T10:28:43.871Z,52.2792,5.1680,162.84,30.96,16.67
2026-10-07T10:28:44.058Z,52.2792,5.1680,162.84,30.96,16.67
2026-10-07T10:28:44.113Z,52.2791,5.1677,162.84,30.96,16.67
2026-10-07T10:28:44.174Z,52.2789,5.1676,162.84,30.96,16.67
2026-10-07T10:28:44.212Z,52.2788,5.1676,162.84,30.96,16.67
2026-10-07T10:28:44.260Z,52.2788,5.1676,162.84,30.96,16.67
2026-10-07T10:28:44.289Z,52.2787,5.1676,162.84,30.96,16.67
2026-10-07T10:28:44.334Z,52.2787,5.1677,162.84,30.96,16.67
2026-10-07T10:28:44.399Z,52.2786,5.1679,162.84,30.96,16.67
2026-10-07T10:28:44.453Z,52.2785,5.1685,162.85,30.96,16.67
2026-10-07T10:28:44.503Z,52.2785,5.1690,162.85,30.96,16.67
2026-10-07T10:28:44.551Z,52.2785,5.1692,162.85,30.96,16.67
2026-10-07T10:28:44.591Z,52.2785,5.1693,162.85,30.96,16.67
2026-10-07T10:28:44.640Z,52.2786,5.1694,162.85,30.96,16.67
2026-10-07T10:28:44.696Z,52.2786,5.1694,162.85,30.96,16.67
2026-10-07T10:28:44.751Z,52.2786,5.1694,162.85,30.96,16.67
2026-10-07T10:28:44.842Z,52.2786,5.1694,162.85,30.96,16.67
2026-10-07T10:28:44.889Z,52.2786,5.1693,162.85,30.96,16.67
2026-10-07T10:28:44.962Z,52.2786,5.1685,162.85,30.96,16.67
2026-10-07T10:28:45.018Z,52.2786,5.1679,162.85,30.96,16.67
2026-10-07T10:28:45.164Z,52.2786,5.1679,162.85,30.96,16.67
2026-10-07T10:28:45.351Z,52.2794,5.1676,162.85,30.96,16.67
2026-10-07T10:28:45.407Z,52.2795,5.1676,162.85,30.96,16.67
2026-10-07T10:28:45.869Z,52.2795,5.1676,162.85,30.96,16.67
2026-10-07T10:28:46.869Z,52.2795,5.1676,162.86,30.96,16.67
2026-10-07T10:28:47.869Z,52.2795,5.1676,162.86,30.97,16.67
2026-10-07T10:28:48.869Z,52.2795,5.1676,162.87,30.97,16.67
2026-10-07T10:28:49.490Z,52.2795,5.1676,162.87,30.97,16.66
2026-10-07T10:28:49.559Z,52.2795,5.1676,162.87,30.97,16.66
2026-10-07T10:28:49.592Z,52.2796,5.1676,162.87,30.97,16.66
2026-10-07T10:28:49.619Z,52.2796,5.1676,162.87,30.97,16.66
2026-10-07T10:28:49.673Z,52.2797,5.1676,162.87,30.97,16.66
2026-10-07T10:28:49.710Z,52.2797,5.1676,162.87,30.97,16.66
2026-10-07T10:28:49.758Z,52.2797,5.1676,162.87,30.97,16.66
2026-10-07T10:28:49.791Z,52.2797,5.1676,162.87,30.97,16.66
2026-10-07T10:28:49.870Z,52.2797,5.1676,162.87,30.97,16.66
2026-10-07T10:28:50.869Z,52.2797,5.1676,162.88,30.97,16.66
2026-10-07T10:28:50.972Z,52.2797,5.1676,162.88,30.97,16.66
2026-10-07T10:28:51.009Z,52.2797,5.1676,162.88,30.97,16.66
2026-10-07T10:28:51.046Z,52.2797,5.1676,162.88,30.97,16.66
2026-10-07T10:28:55.761Z,-20.6086,-36.2651,82.61,33.56,15.07
2026-10-07T10:28:55.816Z,-20.9247,-37.0862,82.76,32.76,15.54
2026-10-07T10:28:55.851Z,-21.1036,-37.5662,82.86,32.30,15.82
2026-10-07T10:28:55.903Z,-21.3482,-38.2425,83.00,31.64,16.23
2026-10-07T10:28:55.945Z,-21.5290,-38.7584,83.11,31.14,16.55
2026-10-07T10:28:55.976Z,-21.6495,-39.1104,83.20,30.80,16.77
2026-10-07T10:28:56.011Z,-21.7795,-39.4982,83.29,30.43,17.02
2026-10-07T10:28:56.050Z,-21.9138,-39.9083,83.39,30.04,17.29
2026-10-07T10:28:56.095Z,-22.0544,-40.3486,83.50,29.62,17.59
2026-10-07T10:28:56.147Z,-22.2030,-40.8270,83.62,29.16,17.92
2026-10-07T10:28:56.176Z,-22.2790,-41.0772,83.69,28.92,18.10
2026-10-07T10:28:56.216Z,-22.3747,-41.3985,83.78,28.61,18.33
2026-10-07T10:28:56.252Z,-22.4548,-41.6724,83.85,28.35,18.53
2026-10-07T10:28:56.290Z,-22.5292,-41.9318,83.93,28.11,18.72
2026-10-07T10:28:56.322Z,-22.5947,-42.1639,83.99,27.89,18.90
2026-10-07T10:28:56.369Z,-22.6756,-42.4558,84.08,27.61,19.12
2026-10-07T10:28:56.401Z,-22.7272,-42.6453,84.13,27.43,19.26
2026-10-07T10:28:56.459Z,-22.8104,-42.9561,84.23,27.14,19.51
2026-10-07T10:28:56.509Z,-22.8720,-43.1914,84.30,26.92,19.70
2026-10-07T10:28:56.539Z,-22.9084,-43.3323,84.34,26.79,19.81
2026-10-07T10:28:56.557Z,-22.9280,-43.4089,84.36,26.71,19.87
2026-10-07T10:28:56.603Z,-22.9731,-43.5865,84.42,26.55,20.02
2026-10-07T10:28:56.645Z,-23.0105,-43.7357,84.47,26.41,20.14
2026-10-07T10:28:56.672Z,-23.0315,-43.8204,84.49,26.33,20.21
2026-10-07T10:28:56.751Z,-23.0846,-44.0373,84.56,26.12,20.39
2026-10-07T10:28:56.803Z,-23.1124,-44.1522,84.60,26.02,20.49
2026-10-07T10:28:56.868Z,-23.1391,-44.2638,84.63,25.91,20.58
2026-10-07T10:28:56.919Z,-23.1543,-44.3277,84.65,25.85,20.64
2026-10-07T10:28:56.984Z,-23.1670,-44.3818,84.67,25.80,20.69
2026-10-07T10:28:57.026Z,-23.1712,-44.3996,84.67,25.78,20.70
2026-10-07T10:28:57.073Z,-23.1725,-44.4049,84.68,25.78,20.70
2026-10-07T10:28:57.869Z,-23.1725,-44.4049,84.68,25.78,20.70
2026-10-07T10:28:58.869Z,-23.1725,-44.4049,84.67,25.79,20.70
2026-10-07T10:28:59.869Z,-23.1725,-44.4049,84.67,25.79,20.70
2026-10-07T10:29:00.869Z,-23.1725,-44.4049,84.67,25.79,20.69
2026-10-07T10:29:01.869Z,-23.1725,-44.4049,84.67,25.80,20.69
2026-10-07T10:29:01.988Z,-23.1714,-44.4115,84.67,25.79,20.69
2026-10-07T10:29:02.057Z,-23.1682,-44.4318,84.68,25.77,20.71
2026-10-07T10:29:02.114Z,-23.1662,-44.4441,84.69,25.76,20.72
2026-10-07T10:29:02.167Z,-23.1655,-44.4482,84.69,25.76,20.72
2026-10-07T10:29:02.200Z,-23.1654,-44.4489,84.69,25.76,20.72
2026-10-07T10:29:02.235Z,-23.1654,-44.4489,84.69,25.76,20.72
2026-10-07T10:29:02.337Z,-23.1641,-44.4569,84.69,25.75,20.73
2026-10-07T10:29:02.388Z,-23.1641,-44.4570,84.69,25.75,20.73
2026-10-07T10:29:02.464Z,-23.1590,-44.4886,84.71,25.72,20.76
2026-10-07T10:29:02.506Z,-23.1581,-44.4942,84.71,25.72,20.76
2026-10-07T10:29:02.539Z,-23.1578,-44.4964,84.71,25.72,20.76
2026-10-07T10:29:02.582Z,-23.1576,-44.4974,84.71,25.72,20.76
2026-10-07T10:29:02.675Z,-23.1576,-44.4977,84.71,25.72,20.76
2026-10-07T10:29:02.711Z,-23.1574,-44.4985,84.71,25.72,20.76
2026-10-07T10:29:03.289Z,-23.1423,-44.5535,84.74,25.67,20.81
2026-10-07T10:29:03.323Z,-23.1422,-44.5537,84.74,25.67,20.81
2026-10-07T10:29:03.384Z,-23.1420,-44.5542,84.74,25.67,20.81
2026-10-07T10:29:06.623Z,-23.2151,-44.6275,84.74,25.61,20.86
2026-10-07T10:29:06.678Z,-23.2190,-44.6298,84.73,25.61,20.87
2026-10-07T10:29:06.801Z,-23.2200,-44.6312,84.73,25.61,20.87
2026-10-07T10:29:06.869Z,-23.2200,-44.6312,84.73,25.61,20.87
2026-10-07T10:29:06.910Z,-23.1914,-44.6290,84.75,25.61,20.86
2026-10-07T10:29:06.965Z,-23.1528,-44.6221,84.76,25.62,20.85
2026-10-07T10:29:06.992Z,-23.1518,-44.6221,84.76,25.62,20.85
2026-10-07T10:29:07.074Z,-23.1518,-44.6229,84.76,25.62,20.85
2026-10-07T10:29:07.101Z,-23.1518,-44.6259,84.76,25.62,20.86
2026-10-07T10:29:07.139Z,-23.1528,-44.6296,84.77,25.61,20.86
2026-10-07T10:29:07.172Z,-23.1557,-44.6326,84.77,25.61,20.86
2026-10-07T10:29:07.207Z,-23.1576,-44.6348,84.77,25.61,20.86
2026-10-07T10:29:07.240Z,-23.1606,-44.6378,84.77,25.61,20.87
2026-10-07T10:29:07.274Z,-23.1712,-44.6438,84.76,25.60,20.87
2026-10-07T10:29:07.306Z,-23.1808,-44.6460,84.76,25.60,20.87
2026-10-07T10:29:07.340Z,-23.1924,-44.6497,84.75,25.59,20.88
2026-10-07T10:29:07.374Z,-23.2030,-44.6512,84.75,25.59,20.88
2026-10-07T10:29:07.568Z,-23.2122,-44.6513,84.75,25.59,20.88
2026-10-07T10:29:07.892Z,-23.2123,-44.6512,84.74,25.59,20.88
2026-10-07T10:29:08.225Z,-23.2123,-44.6512,84.74,25.59,20.88
2026-10-07T10:29:10.016Z,-23.2264,-44.6506,84.73,25.60,20.87
2026-10-07T10:29:24.029Z,-23.2264,-44.6506,84.71,25.65,20.82
2026-10-07T10:29:27.665Z,-23.2264,-44.6506,84.70,25.67,20.81
2026-10-07T10:29:29.235Z,-23.2264,-44.6506,84.70,25.67,20.80
2026-10-07T10:29:29.586Z,-23.2264,-44.6506,84.70,25.67,20.80
2026-10-07T10:29:29.851Z,-23.2264,-44.6506,84.70,25.67,20.80
2026-10-07T10:29:30.095Z,-23.2264,-44.6506,84.70,25.68,20.80
